[{"@type":"mappingTemplate","id":"@1","name":"mp_API_SOAP_sample","description":"","autoExpireObject":false,"bundleVersion":"0","assetFrsGuid":"12EDUy350aRf8VNJrp1OuJ","templateId":"@3","deployTime":1753682214000,"hasParameters":false,"valid":true,"fixedConnection":true,"hasParametersDeployed":false,"fixedConnectionDeployed":true,"isSchemaValidationEnabled":false,"tasks":0,"mappingPreviewFileRecordId":"@2","documentType":"MAPPING","allowMaxFieldLength":false,"specialCharacterSupport":false,"references":[{"@type":"reference","refObjectId":"@1p0Oo6mLl5FlzzTho6v9aU","refType":"businessService"},{"@type":"reference","refObjectId":"@33fzsXJju6cfQaUAo3QuM5","refType":"connection"},{"@type":"reference","refObjectId":"@1p0Oo6mLl5FlzzTho6v9aU@Calculator_TEST","refType":"businessOperation"}]}]