[{"@type":"fileRecord","id":"@3","name":"fault","type":"XSD","size":6618,"attachTime":1753682213000},{"@type":"fileRecord","id":"@2","name":"extension","type":"XML","size":43018,"attachTime":1753682213000},{"@type":"fileRecord","id":"@6","name":"response","type":"XSD","size":22772,"attachTime":1753682213000},{"@type":"fileRecord","id":"@5","name":"request","type":"XSD","size":7036,"attachTime":1753682213000},{"@type":"fileRecord","id":"@4","name":"metadata","type":"JSON","size":16664,"attachTime":1753682213000}]